number,name,t1,t2,t3,t4,t5
1,Кочевник,Темный кристалл,,Светлый кристалл,,
2,Кшар,Темный кристалл,,Светлый кристалл,,
3,Волхв,Темный кристалл,,Светлый кристалл,,
4,Гиррит,"Темный кристалл, Корона без обводки",,"Светлый кристалл, Корона с обводкой",,
5,Ост,Темный кристалл,,Светлый кристалл,,
6,Пустотник,"Темный кристалл, Корона без обводки",,"Светлый кристалл, Корона с обводкой",,
7,Смотритель стойла,"Темный кристалл, Корона без обводки",,"Светлый кристалл, Корона с обводкой",,
7,Смотритель стойла,,,,,
8,Степной волколак,Темный кристалл,,Светлый кристалл,,
9,Хозяйка прайда,"Темный кристалл, Корона без обводки",,"Светлый кристалл, Корона с обводкой",,
10,Аколит Дзара,"Темный кристалл, Корона без обводки",,"Светлый кристалл, Корона с обводкой",,
11,Змееглав,Темный кристалл,,Светлый кристалл,,
11,Змееглав,,,,,
12,Кабаний наездник,Темный кристалл,,Светлый кристалл,,
13,Орк,Темный кристалл,,Светлый кристалл,,
14,Пустынный кондор,Темный кристалл,,Светлый кристалл,,
15,Рубаки Холверта,"Темный кристалл, Корона без обводки, Темный арт",Светлый арт,"Светлый кристалл, Корона с обводкой",,
16,Санкторум,Темный кристалл,,Светлый кристалл,,
17,Арбалетчик,Темный кристалл,,Светлый кристалл,,
18,Килсус,Темный кристалл,,Светлый кристалл,,
18,Килсус,,,,,
19,Щитоносец,Темный кристалл,,Светлый кристалл,,
20,Глорм,Светлый кристалл,,Тёмный кристалл,,
21,Мантикора,"Светлый кристалл, Корона без обводки",,"Тёмный кристалл, Корона с обводкой",,
22,Орк-бомбардир,Светлый кристалл,,Тёмный кристалл,,
23,Риала,Светлый кристалл,,Тёмный кристалл,,
24,Посвященный Дзара,Светлый кристалл,,Тёмный кристалл,,
25,Хронос,"Светлый кристалл, Корона без обводки",,"Тёмный кристалл, Корона с обводкой",,
26,Анубисар,"Светлый кристалл, Корона без обводки",В тексте «способности» заменено на «особенности»,"Тёмный кристалл, Корона с обводкой",,
26,Анубисар,,,,,
27,Бон и Берроу,"Светлый кристалл, Корона без обводки",,"Тёмный кристалл, Корона с обводкой",,
27,Бон и Берроу,,,,,
28,Матриарх племени,"Светлый кристалл, Корона без обводки",,"Тёмный кристалл, Корона с обводкой",,
29,Пеший латник,Светлый кристалл,,Тёмный кристалл,,
30,Бронтобей,Светлый кристалл,,Тёмный кристалл,,
31,Ойуун,"Светлый кристалл, Корона без обводки",,"Тёмный кристалл, Корона с обводкой",,
32,Дегаска,"Светлый кристалл, Корона без обводки",,"Тёмный кристалл, Корона с обводкой",,
33,Скелос,Светлый кристалл,,Тёмный кристалл,,
34,Минотавр,Светлый кристалл,,Тёмный кристалл,,
34,Минотавр,,,,,
35,Гном-поджигатель,Темный кристалл,,Светлый кристалл,,
36,Ледяной змей,"Темный кристалл, Корона без обводки",,"Светлый кристалл, Корона с обводкой",,
36,Ледяной змей,,,,,
37,Овражный гном,"Темный кристалл, Темный арт",Светлый арт,Светлый кристалл,,
38,Бешеный маг,Темный кристалл,,Светлый кристалл,,
39,Гуль,Темный кристалл,,Светлый кристалл,,
39,Гуль,,,,,
40,Мразень,Темный кристалл,,Светлый кристалл,,
41,Айрин,"Темный кристалл, Корона без обводки",,"Светлый кристалл, Корона с обводкой",,
42,Знахарь племени,Темный кристалл,,Светлый кристалл,,
43,Каменный голем,Темный кристалл,,Светлый кристалл,,
44,Страж чертогов,Темный кристалл,,Светлый кристалл,,
45,Ледовый охотник,Темный кристалл,,Светлый кристалл,,
46,Мастер топора,Темный кристалл,,Светлый кристалл,,
47,Ртунх,"Темный кристалл, Корона без обводки",,"Светлый кристалл, Корона с обводкой",,
48,Смотритель горнила,Темный кристалл,,Светлый кристалл,,
49,Центурион,Темный кристалл,,Светлый кристалл,,
50,Хранитель гор,Темный кристалл,,Светлый кристалл,,
51,Призывающая бурю,"Темный кристалл, Корона без обводки",,"Светлый кристалл, Корона с обводкой",,
51,Призывающая бурю,,,,,
52,Тан Ханеранга,"Темный кристалл, Корона без обводки, Темный арт",Светлый арт,"Светлый кристалл, Корона с обводкой",,
52,Тан Ханеранга,,,,,
53,Гном-басаарг,Темный кристалл,,Светлый кристалл,,
54,Искатель тайн,Светлый кристалл,,Тёмный кристалл,,
55,Борг,Светлый кристалл,,Тёмный кристалл,,
56,Ном,"Светлый кристалл, Корона без обводки",,"Тёмный кристалл, Корона с обводкой",,
57,Криомант,"Светлый кристалл, Корона без обводки",,"Тёмный кристалл, Корона с обводкой",,
57,Криомант,,,,,
58,Молотобоец,Светлый кристалл,,Тёмный кристалл,,
59,Оборотень,Светлый кристалл,,Тёмный кристалл,,
59,Оборотень,,,,,
60,Аргвальд,"Светлый кристалл, Корона без обводки",,"Тёмный кристалл, Корона с обводкой",,
60,Аргвальд,,,,,
61,Горный великан,Светлый кристалл,,Тёмный кристалл,,
62,Костедробитель,Светлый кристалл,Увеличенный арт,Тёмный кристалл,,
63,Рагнар,"Светлый кристалл, Корона без обводки",,"Тёмный кристалл, Корона с обводкой",,
64,Гобрах,Светлый кристалл,,Тёмный кристалл,,
65,Ледовый страж,"Светлый кристалл, Корона без обводки",,"Тёмный кристалл, Корона с обводкой",,
66,Повелитель молний,"Светлый кристалл, Корона без обводки",,"Тёмный кристалл, Корона с обводкой",,
66,Повелитель молний,,,,,
67,Гномий король,"Светлый кристалл, Корона без обводки",,"Тёмный кристалл, Корона с обводкой",,
68,Владыка небес,"Светлый кристалл, Корона без обводки",,"Тёмный кристалл, Корона с обводкой",,
69,Атекар,Темный кристалл,,Светлый кристалл,,
70,Дракс,"Темный кристалл, Корона без обводки",,"Светлый кристалл, Корона с обводкой",,
70,Дракс,,,,,
71,Леший,Темный кристалл,,Светлый кристалл,,
72,Фея леса,"Темный кристалл, Корона без обводки",,"Светлый кристалл, Корона с обводкой",,
73,Друид,Темный кристалл,,Светлый кристалл,,
74,Корпит,Темный кристалл,,Светлый кристалл,,
75,Лесной разбойник,Темный кристалл,,Светлый кристалл,,
76,Оури,Темный кристалл,,Светлый кристалл,,
77,Паук-пересмешник,Темный кристалл,,Светлый кристалл,,
77,Паук-пересмешник,,,,,
78,Эриала,Темный кристалл,,Светлый кристалл,,
79,Бегущая по кронам,Темный кристалл,,Светлый кристалл,,
80,Бьерн,Темный кристалл,,Светлый кристалл,,
81,Вожак сатиров,Темный кристалл,,Светлый кристалл,,
81,Вожак сатиров,,,,,
82,Клаэр,Темный кристалл,,Светлый кристалл,,
83,Серк,Темный кристалл,,Светлый кристалл,,
84,Камнедрев,Темный кристалл,,Светлый кристалл,,
85,Леккен,Темный кристалл,,Светлый кристалл,,
86,Мира,"Темный кристалл, Корона без обводки",,"Светлый кристалл, Корона с обводкой",,
86,Мира,,,,,
87,Фагор,Темный кристалл,,Светлый кристалл,,
88,Резчик идолов,"Светлый кристалл, Корона без обводки",,"Тёмный кристалл, Корона с обводкой",,
89,Грызь,Светлый кристалл,,Тёмный кристалл,,
90,Дверг,"Светлый кристалл, В тексте «силы»",,"Тёмный кристалл, В тексте «величины»",,
91,Дикий целитель,Светлый кристалл,,Тёмный кристалл,,
91,Дикий целитель,,,,,
92,Кобольд,"Светлый кристалл, В тексте «сила»",В тексте «величина»,Тёмный кристалл,,
93,Очи Кронга,"Светлый кристалл, Корона без обводки",,"Тёмный кристалл, Корона с обводкой",,
93,Очи Кронга,,,,,
94,Король-жрец,"Светлый кристалл, Корона без обводки",,"Тёмный кристалл, Корона с обводкой",,
94,Король-жрец,,,,,
95,Ловец душ,"Светлый кристалл, Корона без обводки",,"Тёмный кристалл, Корона с обводкой",,
96,Тергала,"Светлый кристалл, Корона без обводки",,"Тёмный кристалл, Корона с обводкой",,
97,Эльфийский воин,Светлый кристалл,,Тёмный кристалл,,
98,Етун,Светлый кристалл,,Тёмный кристалл,,
99,Серый альв,"Светлый кристалл, Темный арт",Светлый арт,Тёмный кристалл,,
100,Хобгоблин,"Светлый кристалл, Темный арт",Светлый арт,Тёмный кристалл,,
100,Хобгоблин,,,,,
101,Циклоп,Светлый кристалл,,Тёмный кристалл,,
101,Циклоп,,,,,
102,Келе,Светлый кристалл,,Тёмный кристалл,,
103,Ижор,Темный кристалл,,Светлый кристалл,,
104,Махинатор,"Темный кристалл, Корона без обводки",,"Светлый кристалл, Корона с обводкой",,
105,Отряд карателей,Темный кристалл,,Светлый кристалл,,
106,Римаанды,Темный кристалл,,Светлый кристалл,,
107,Болотник,Темный кристалл,,Светлый кристалл,,
108,Дети топи,Темный кристалл,,Светлый кристалл,,
108,Дети топи,,,,,
109,Осклизг,"Темный кристалл, Темный арт",Светлый арт,Светлый кристалл,,
110,Рэккен,Темный кристалл,,Светлый кристалл,,
111,Тови,Темный кристалл,,Светлый кристалл,,
111,Тови,,,,,
112,Хедд,Темный кристалл,,Светлый кристалл,,
113,Гаррид-лучник,Темный кристалл,,Светлый кристалл,,
114,Грезы Архааля,Темный кристалл,,Светлый кристалл,,
115,Кровяница,Темный кристалл,,Светлый кристалл,,
116,Василиск,Темный кристалл,,Светлый кристалл,,
117,Вайл,Темный кристалл,,Светлый кристалл,,
118,Шаман-душегрыз,"Темный кристалл, Корона без обводки, Темный арт",Светлый арт,"Светлый кристалл, Корона с обводкой",,
118,Шаман-душегрыз,,,,,
119,Бул'Багур,"Темный кристалл, Корона без обводки",,"Светлый кристалл, Корона с обводкой",,
119,Бул'Багур,,,,,
120,Гоблин,"Темный кристалл, Темный арт",Светлый арт,Светлый кристалл,,
121,Слизь,"Темный кристалл, В тексте «При этом»",В тексте нет фразы «При этом»,Светлый кристалл,,
122,Дочь перламутра,"Светлый кристалл, Корона без обводки",,"Тёмный кристалл, Корона с обводкой",,
123,Ноками,"Светлый кристалл, Корона без обводки",,"Тёмный кристалл, Корона с обводкой",,
123,Ноками,,,,,
124,Сеятель хвори,"Светлый кристалл, Корона без обводки",,"Тёмный кристалл, Корона с обводкой",,
124,Сеятель хвори,,,,,
125,Троллок,Светлый кристалл,,Тёмный кристалл,,
125,Троллок,,,,,
126,Вилохвост,"Светлый кристалл, Корона без обводки, Темный арт",Светлый арт,"Тёмный кристалл, Корона с обводкой",,
127,Исхарская ненасыть,Светлый кристалл,,Тёмный кристалл,,
128,Тролль,Светлый кристалл,,Тёмный кристалл,,
129,Ундина,"Светлый кристалл, Корона без обводки",,"Тёмный кристалл, Корона с обводкой",,
129,Ундина,,,,,
130,Королева топи,"Светлый кристалл, Корона без обводки",,"Тёмный кристалл, Корона с обводкой",,
130,Королева топи,,,,,
131,Медуза Горгона,Светлый кристалл,,Тёмный кристалл,,
132,Двухголовый тролль,Светлый кристалл,,Тёмный кристалл,,
133,Морок,Светлый кристалл,,Тёмный кристалл,,
134,Уриил,Светлый кристалл,,Тёмный кристалл,,
135,Древний огр,Светлый кристалл,,Тёмный кристалл,,
136,Гидра,"Светлый кристалл, Корона без обводки",,"Тёмный кристалл, Корона с обводкой",,
137,Вестник мора,Темный кристалл,,Светлый кристалл,,
138,Огненный имп,Темный кристалл,,Светлый кристалл,,
139,Вампир,Темный кристалл,,Светлый кристалл,,
139,Вампир,,,,,
140,Ведьма слуа,"Темный кристалл, Темный арт",Светлый арт,Светлый кристалл,,
141,Моровой всадник,"Темный кристалл, Копьё за рамкой",Копьё внутри рамки,Светлый кристалл,,
142,Суккуб-истязатель,"Темный кристалл, Корона без обводки",,"Светлый кристалл, Корона с обводкой",,
142,Суккуб-истязатель,,,,,
143,Возница,Темный кристалл,,Светлый кристалл,,
144,Герольд мрака,"Темный кристалл, Корона без обводки",,"Светлый кристалл, Корона с обводкой",,
145,Демон зависти,Темный кристалл,,Светлый кристалл,,
146,Керсамская знать,"Темный кристалл, Корона без обводки",,"Светлый кристалл, Корона с обводкой",,
147,Повелитель мертвых,"Темный кристалл, Корона без обводки",,"Светлый кристалл, Корона с обводкой",,
147,Повелитель мертвых,,,,,
148,Сшиватель плоти,"Темный кристалл, Корона без обводки, пропущен пробел",Перед «где X» появился пробел,"Светлый кристалл, Корона с обводкой",,
149,Талион,Темный кристалл,,Светлый кристалл,,
150,Харон,Темный кристалл,,Светлый кристалл,,
151,Зомби,Темный кристалл,,Светлый кристалл,,
152,Пещерник,Темный кристалл,,Светлый кристалл,,
153,Сайкорон,Темный кристалл,,Светлый кристалл,,
154,Мрачная дворянка,"Темный кристалл, Корона без обводки",,"Светлый кристалл, Корона с обводкой",,
155,Рогатый демон,Темный кристалл,,Светлый кристалл,,
155,Рогатый демон,,,,,
155,Рогатый демон,,,,,
156,Метаморф,Светлый кристалл,,Тёмный кристалл,,
157,Лунная баньши,"Светлый кристалл, Корона без обводки, В тексте «силу»",В тексте «величину»,"Тёмный кристалл, Корона с обводкой",,
158,Уордак,Светлый кристалл,,Тёмный кристалл,,
159,Драккарх,"Светлый кристалл, Корона без обводки",,"Тёмный кристалл, Корона с обводкой",,
160,Лилит и Эйдерик,"Светлый кристалл, Корона без обводки",,"Тёмный кристалл, Корона с обводкой",,
161,Скелетный червь,Светлый кристалл,,Тёмный кристалл,,
161,Скелетный червь,,,,,
162,Тварь,Светлый кристалл,,Тёмный кристалл,,
163,Хозяин склепа,"Светлый кристалл, Корона без обводки",,"Тёмный кристалл, Корона с обводкой",,
163,Хозяин склепа,,,,,
164,Поганище,"Светлый кристалл, Темный арт",Светлый арт,Тёмный кристалл,,
165,Барака,Светлый кристалл,,Тёмный кристалл,,
166,Вурдалак,Светлый кристалл,,Тёмный кристалл,,
167,Мерцающий змей,"Светлый кристалл, Корона без обводки, Раздвоенный арт",,"Тёмный кристалл, Корона с обводкой, Исправленный арт",,
167,Мерцающий змей,,,,,
168,Повелитель бездны,Светлый кристалл,,Тёмный кристалл,,
169,Властелин хаоса,"Светлый кристалл, Корона без обводки",,"Тёмный кристалл, Корона с обводкой",,
169,Властелин хаоса,,,,,
170,Демон жадности,"Светлый кристалл, Корона без обводки",,"Тёмный кристалл, Корона с обводкой",,
171,Мародер,"Темный кристалл, Корона без обводки",,"Светлый кристалл, Корона с обводкой, Без иконок",С иконками,
172,Ведающий запасами,"Темный кристалл, Корона без обводки",,"Светлый кристалл, Корона с обводкой, Без иконок",С иконками,
173,Ведунья Ордена,Темный кристалл,,"Светлый кристалл, Без иконок",С иконками,
174,Взрывная Мэри,"Темный кристалл, Корона без обводки",,"Светлый кристалл, Корона с обводкой, Без иконок",С иконками,
175,Крондак,Темный кристалл,,"Светлый кристалл, Без иконок",С иконками,
175,Крондак,,,,,
176,Наёмник,"Темный кристалл, Корона без обводки",,"Светлый кристалл, Корона с обводкой, Без иконок",,"Светлый кристалл, С иконками"
176,Наёмник,,,,,
177,Следопыт,Темный кристалл,,"Светлый кристалл, Без иконок",С иконками,
178,Алвалинд,"Темный кристалл, Корона без обводки",,"Светлый кристалл, Корона с обводкой, Без иконок",С иконками,
179,Жжраг,Темный кристалл,,"Светлый кристалл, Без иконок",С иконками,
180,Линнет,"Темный кристалл, Корона без обводки",,"Светлый кристалл, Корона с обводкой, Без иконок",,"Светлый кристалл, С иконками"
181,Ловец удачи,"Темный кристалл, Корона без обводки",,"Светлый кристалл, Корона с обводкой, Без иконок",С иконками,
182,Матросы Аделаиды,Темный кристалл,,"Светлый кристалл, Без иконок",С иконками,
183,Дозор Форрендора,Темный кристалл,,"Светлый кристалл, Без иконок",С иконками,
184,Отшельница,Темный кристалл,,"Светлый кристалл, Без иконок",С иконками,
185,Шакси,"Темный кристалл, Корона без обводки",,"Светлый кристалл, Корона с обводкой, Без иконок",С иконками,
186,Головорез,Темный кристалл,,"Светлый кристалл, Без иконок",С иконками,
187,Лазутчица,"Темный кристалл, Корона без обводки",,"Светлый кристалл, Корона с обводкой, Без иконок",С иконками,
188,Паладин Алламора,Темный кристалл,,"Светлый кристалл, Без иконок",С иконками,
189,Воин храма,Темный кристалл,,"Светлый кристалл, Без иконок",С иконками,
189,Воин храма,,,,,
190,Вольный воитель,"Светлый кристалл, Корона без обводки",,"Тёмный кристалл, Корона с обводкой, Без иконок",С иконками,
191,Ассасин,"Светлый кристалл, Корона без обводки",,"Тёмный кристалл, Корона с обводкой, Без иконок",С иконками,
191,Ассасин,,,,,
192,Ревнитель Сеггера,Светлый кристалл,,"Тёмный кристалл, Без иконок",С иконками,
193,Арацент,Светлый кристалл,,"Тёмный кристалл, Без иконок",С иконками,
193,Арацент,,,,,
194,Аристократка,"Светлый кристалл, Корона без обводки",,"Тёмный кристалл, Корона с обводкой, Без иконок",С иконками,
195,Берсерк,"Светлый кристалл, Корона без обводки",,"Тёмный кристалл, Корона с обводкой, Без иконок",С иконками,
195,Берсерк,,,,,
196,Гермет,Светлый кристалл,,"Тёмный кристалл, Без иконок",С иконками,
197,Эорвал,"Светлый кристалл, Корона без обводки",,"Тёмный кристалл, Корона с обводкой, Без иконок",С иконками,
198,Варлок,Светлый кристалл,,"Тёмный кристалл, Без иконок",С иконками,
199,Тич,"Светлый кристалл, Корона без обводки",,"Тёмный кристалл, Корона с обводкой, Без иконок",,"Светлый кристалл, С иконками"
200,Волот,"Светлый кристалл, Корона без обводки",,"Тёмный кристалл, Корона с обводкой, Без иконок",,"Светлый кристалл, С иконками"
1,Заступник Ордена,Темный арт,Светлый арт,,,
2,Кентавр,,,,,
3,Орчонок,Темный арт,Светлый арт,,,
4,Разумный вихрь,,,,,
5,Иглохрюк,,,,,
6,Карлик Унд,,,,,
7,Кешиар,,,,,
8,Кондор-стервятник,Темный арт,Светлый арт,,,
9,Лихо одноглазое,,,,,
10,Поури,,,,,
11,Пустыня Дзара,,,,,
12,Стражник Туллена,Темный арт,Светлый арт,,,
13,Витязь Адрелиана,,,,,
14,Омидгал,,,,,
14,Омидгал,,,,,
15,Песчаный пират,,,,,
16,Пикинер Альхенгарда,Темный арт,Светлый арт,,,
17,Боргак,Темный арт,Светлый арт,,,
18,Кулхан,,,,,
19,Ясновидящая,,,,,
19,Ясновидящая,,,,,
20,Раптор,,,,,
20,Раптор,,,,,
21,Купец,,,,,
22,Стратег,,,,,
23,Сфинкс Дзара,,,,,
23,Сфинкс Дзара,,,,,
24,Великая катапульта,,,,,
24,Великая катапульта,,,,,
25,Джилла,,,,,
25,Джилла,,,,,
25,Джилла,,,,,
26,Маг Тор-Гарона,,,,,
26,Маг Тор-Гарона,,,,,
26,Маг Тор-Гарона,,,,,
27,Пиромант Дзара,,,,,
28,Степной варвар,,,,,
29,Орк-арбалетчик,,,,,
30,Рыцарь Туллена,,,,,
30,Рыцарь Туллена,,,,,
30,Рыцарь Туллена,,,,,
31,Хазг,,,,,
32,Адрелиан,,,,,
32,Адрелиан,,,,,
33,Кест,,,,,
34,Свирепый резак,,,,,
34,Свирепый резак,,,,,
35,Гном-арбалетчик,,,,,
36,Лучница Снорганга,,,,,
37,Стражница Ульфгарда,,,,,
38,Гарпунщик,,,,,
38,Гарпунщик,,,,,
39,Дух горы,,,,,
39,Дух горы,,,,,
40,Жрец штормов,,,,,
40,Жрец штормов,,,,,
41,Ратник Крейд-Моора,,,,,
42,Скальд,,,,,
43,Скальный фантом,,,,,
44,Альгорн,,,,,
45,Астральный двойник,,,,,
46,Гаргулья,,,,,
47,Ледяной тролль,,,,,
48,Олаф,Темный арт,Светлый арт,,,
49,Сердце бурь,,,,,
49,Сердце бурь,,,,,
49,Сердце бурь,,,,,
50,Сигурд,,,,,
51,Черновар,Темный арт,Светлый арт,,,
51,Черновар,,,,,
52,Хозяйка лавин,,,,,
53,Прорицательница вершин,Темный арт,Светлый арт,,,
53,Прорицательница вершин,,,,,
54,Раннан,,,,,
54,Раннан,,,,,
54,Раннан,,,,,
55,Скалы Лант-Мора,,,,,
56,Шипокрыл,,,,,
56,Шипокрыл,,,,,
57,Валькирия,Темный арт,Светлый арт,,,
57,Валькирия,,,,,
58,Глиняный голем,,,,,
59,Камень гнева,Темный арт,Светлый арт,,,
60,Кугхор,,,,,
61,Дхайа,,,,,
62,Морозный тюремщик,"Темный арт, В тексте «два стоящих»",Светлый арт,,,
62,Морозный тюремщик,,,,,
63,Нага,,,,,
63,Нага,,,,,
64,Гаргант,,,,,
65,Торбьерн,,,,,
66,Хельмир,,,,,
66,Хельмир,,,,,
66,Хельмир,,,,,
67,Фенрир,Темный арт,Светлый арт,,,
67,Фенрир,,,,,
68,Рукан,,,,,
68,Рукан,,,,,
69,Эльм,,,,,
69,Эльм,,,,,
70,Бяка,,,,,
71,Лепрекон,Темный арт,Светлый арт,,,
72,Вепрь Святолесья,Темный арт,Светлый арт,,,
73,Гигантский орел,Темный арт,Светлый арт,,,
74,Разведчик эльфов,,,,,
75,Раэннат,,,,,
76,Рейнджер,,,,,
77,Санитар рощи,,,,,
78,Ламия,,,,,
78,Ламия,,,,,
79,Мара,,,,,
79,Мара,,,,,
80,Пастух Кронга,Темный арт,Светлый арт,,,
81,Ягуар,Темный арт,Светлый арт,,,
82,Борсан,,,,,
82,Борсан,,,,,
83,Гвеор,,,,,
84,Грост,,,,,
85,Жрица Алламора,Темный арт,Светлый арт,,,
86,Рузарх,,,,,
87,Гризли Кронга,Темный арт,Светлый арт,,,
88,Часовые Кронга,,,,,
88,Часовые Кронга,,,,,
89,Бурый волк,Темный арт,Светлый арт,,,
90,Гмурр,,,,,
91,Эльф-задира,Темный арт,Светлый арт,,,
92,Бард Святолесья,Темный арт,Светлый арт,,,
92,Бард Святолесья,,,,,
93,Орк-птицелов,Темный арт,Светлый арт,,,
94,Хрумг,,,,,
95,Чародейка,,,,,
96,Эльфийский арсенал,Темный арт,Светлый арт,,,
96,Эльфийский арсенал,,,,,
96,Эльфийский арсенал,,,,,
97,Вейде,,,,,
97,Вейде,,,,,
97,Вейде,,,,,
98,Тхель-Вэнн,,,,,
98,Тхель-Вэнн,,,,,
99,Дикий циклоп,Темный арт,Светлый арт,,,
99,Дикий циклоп,,,,,
99,Дикий циклоп,,,,,
100,Исса,,,,,
100,Исса,,,,,
101,Единорог,,,,,
101,Единорог,,,,,
101,Единорог,,,,,
101,Единорог,,,,,
102,Линдвурм,,,,,
103,Невеста окуня,,,,,
104,Нервный ург,,,,,
104,Нервный ург,,,,,
105,Виверна,,,,,
106,Дымный Ууг,,,,,
107,Зендар,,,,,
108,Призрак Зенды,Темный арт,Светлый арт,,,
109,Руины Уорлога,,,,,
109,Руины Уорлога,,,,,
109,Руины Уорлога,,,,,
110,Топи Зенды,,,,,
111,Торфяной змей,,,,,
112,Умпи,,,,,
112,Умпи,,,,,
113,Шутовка,,,,,
114,Щупальце кракена,,,,,
114,Щупальце кракена,,,,,
115,Ядовитый плющ,,,,,
116,Ахти,,,,,
117,Джаал,,,,,
118,Обелиск топей,,,,,
119,Тифозный вайл,,,,,
119,Тифозный вайл,,,,,
120,Хэсодэ,,,,,
120,Хэсодэ,,,,,
121,Информатор,Темный арт,Светлый арт,,,
122,Ррег,,,,,
122,Ррег,,,,,
123,Трясинщик,,,,,
124,Утопец,Темный арт,Светлый арт,,,
125,Ведьма,,,,,
125,Ведьма,,,,,
126,Живая стена,,,,,
127,Итинери,,,,,
127,Итинери,,,,,
127,Итинери,,,,,
127,Итинери,,,,,
128,Пустоголов,Темный арт,Светлый арт,,,
129,Слух Архааля,Темный арт,Светлый арт,,,
129,Слух Архааля,,,,,
130,Древняя черепаха,,,,,
131,Иринди,Темный арт,Светлый арт,,,
132,Кракен,,,,,
132,Кракен,,,,,
133,Одинокий призрак,,,,,
134,Король Астейрос,Темный арт,Светлый арт,,,
134,Король Астейрос,,,,,
135,Тролль-людоед,Темный арт,Светлый арт,,,
136,Броненосец,,,,,
136,Броненосец,,,,,
137,Бес,Темный арт,Светлый арт,,,
137,Бес,,,,,
138,Выкормыш слуа,Темный арт,Светлый арт,,,
139,Могильный жук,,,,,
140,Саламандра,,,,,
141,Скелет,,,,,
141,Скелет,,,,,
142,Малефик,,,,,
143,Могильный демон,,,,,
144,Призрачный рыцарь,,,,,
145,Проклятый маг,,,,,
146,Пустошь Тул-Багар,,,,,
147,Берелгал,Темный арт,Светлый арт,,,
148,Демонические врата,,,,,
149,Живущий в тумане,,,,,
150,Когтистый палач,,,,,
151,Надих,,,,,
152,Скелетная гончая,,,,,
153,Исчадие,,,,,
154,Проклятая мумия,,,,,
155,Дзингор,,,,,
156,Перевертыш,,,,,
156,Перевертыш,,,,,
157,Дракон-зомби,,,,,
157,Дракон-зомби,,,,,
157,Дракон-зомби,,,,,
158,Кровавый оракул,Темный арт,Светлый арт,,,
159,Мертвяцкая бомбарда,Темный арт,Светлый арт,,,
160,Адепт тьмы,Темный арт,Светлый арт,,,
160,Адепт тьмы,,,,,
161,Всадники слуа,,,,,
162,Лаэтар,,,,,
162,Лаэтар,,,,,
162,Лаэтар,,,,,
163,Огненный демон,,,,,
163,Огненный демон,,,,,
164,Королева мертвых,Темный арт,Светлый арт,,,
164,Королева мертвых,,,,,
164,Королева мертвых,,,,,
165,Темный эльф,Темный арт,Светлый арт,,,
165,Темный эльф,,,,,
166,Шарль де Лорм,,,,,
166,Шарль де Лорм,,,,,
166,Шарль де Лорм,,,,,
167,Раэр,,,,,
167,Раэр,,,,,
168,Арахнид,,,,,
169,Далукар,,,,,
169,Далукар,,,,,
170,Левиафан,,,,,
170,Левиафан,,,,,
171,Ури,,,,,
171,Ури,,,,,
172,Аларино,,,,,
173,Алтарь Хигарта,,,,,
174,Иркиан,,,,,
175,Йоро,,,,,
175,Йоро,,,,,
175,Йоро,,,,,
176,Охотник за головами,,,,,
177,Пономарь,Темный арт,Светлый арт,,,
178,Землекоп,"Темный арт, В тексте «теряет маркер»","Светлый арт, В тексте «исчезает»",,,
178,Землекоп,,,,,
179,Изувер,,,,,
180,Картограф,,,,,
181,Корсар Эллиона,,,,,
182,Оруженосец,,,,,
182,Оруженосец,,,,,
183,Стерегущий добычу,Темный арт,Светлый арт,,,
184,Ведьмак,,,,,
185,Кьелэрн,,,,,
185,Кьелэрн,,,,,
186,Разящий в ночи,,,,,
187,Рекрутер Храма,Темный арт,Светлый арт,,,
187,Рекрутер Храма,,,,,
188,Судовой кок,Темный арт,Светлый арт,,,
189,Тайник Эллиона,,,,,
190,Крестоносец Сеггера,,,,,
191,Гном-отступник,,,,,
192,Аделаида,,,,,
192,Аделаида,,,,,
193,Алетрис,Темный арт,Светлый арт,,,
193,Алетрис,,,,,
193,Алетрис,,,,,
194,Мастер разума,Темный арт,Светлый арт,,,
195,Горец,,,,,
195,Горец,,,,,
196,Старая гвардия,Темный арт,Светлый арт,,,
197,Феникс,,,,,
197,Феникс,,,,,
198,Хранитель Хартии,Темный арт,Светлый арт,,,
198,Хранитель Хартии,,,,,
198,Хранитель Хартии,,,,,
199,Хигарт,,,,,
199,Хигарт,,,,,
199,Хигарт,,,,,
200,Кнеллервирм,,,,,
200,Кнеллервирм,,,,,
200,Кнеллервирм,,,,,
1,Огнегривый,,,,,
2,Страж Тоа-Дана,,,,,
3,Лучник Дзара,,,,,
4,Орк-стрелок,,,,,
5,Орк-задира,,,,,
6,Гном-лучник,,,,,
7,Грозовой маг,,,,,
8,Железный голем,,,,,
9,Дитя вьюги,,,,,
10,Цвар,,,,,
11,Торговка эликсирами,,,,,
12,Эльфийский следопыт,,,,,
13,Боров Лихолесья,,,,,
14,Ольгерд,,,,,
15,Большой кулак,,,,,
16,Карга,,,,,
17,Раб клинка,,,,,
18,Тролль-воин,,,,,
19,Летописец,,,,,
1,Кенобор Гуслинг,,,,,
2,Лучник Тывы,,,,,
3,Святозар Водохлеб,,,,,
4,Сын Байкальска,,,,,
5,Жрец Перуна,,,,,
6,Деомид Душезмей,,,,,
7,Родислав Багиров,,,,,
8,Святогор Меткий Глаз,,,,,
9,"Дрочеслав, сын Сергея",,,,,
10,Защитник Тайги,,,,,
11,Чресламор,,,,,
12,Дочь Сварога,,,,,
13,Гаврило Большое Гузно,,,,,
14,Виктор Корнеплод,,,,,
15,Мстислав Дуболюб,,,,,
16,Страж Гипербореи,,,,,
17,Тихомир Лесоповал,,,,,
18,Всеслав Чародей,,,,,
19,Рептилоид,,,,,
20,Ящер-Жадюга,,,,,
21,Ящер-Копейщик,,,,,
22,Гнида Песчаная,,,,,
23,Ящер-Яйцеклад,,,,,
24,Ящер-Великан,,,,,
25,Лизард-Визард,,,,,
26,Профессор Счетохвост,,,,,
27,Босс Дрочешуй,,,,,
28,Долбоящер,,,,,
29,Стрелючий Ящер,,,,,
30,Гипноящер,,,,,
31,Гнилозад Смердящер,,,,,
32,Тиванозавл Вэкс,,,,,
33,Зеленый Змий,,,,,
34,Филосоящер,,,,,
35,Геннадий Кислютый,,,,,
36,Ящер-Втащер,,,,,
1,Велит,,,,,
2,Орк-торговец,,,,,
3,Раб Фарро,,,,,
4,Белегос,,,,,
5,Клирик,,,,,
5,Клирик,,,,,
6,Мечник Аккении,,,,,
6,Мечник Аккении,,,,,
7,Орк-охотник,,,,,
8,Орки-носильщики,,,,,
9,Предвестник неудачи,,,,,
10,Хищный корх,,,,,
11,Баллиста,,,,,
12,Дозорный Аль-Джамии,,,,,
13,Дружинник,,,,,
14,Зардагор,,,,,
14,Зардагор,,,,,
15,Змееглав-чародей,,,,,
16,Копейщик Аккении,,,,,
17,Лидана,,,,,
18,Орки-губители,,,,,
19,Конный лучник,,,,,
20,Орк-истязатель,,,,,
21,Унд-подстрекатель,,,,,
22,Глотатель огня,,,,,
22,Глотатель огня,,,,,
23,Джинн Дзара,,,,,
23,Джинн Дзара,,,,,
23,Джинн Дзара,,,,,
24,Полководец,,,,,
24,Полководец,,,,,
25,Азнагул,,,,,
25,Азнагул,,,,,
25,Азнагул,,,,,
26,Храмовник,,,,,
27,Ветеран Холверта,,,,,
27,Ветеран Холверта,,,,,
28,Гролль,,,,,
29,Великий таран,,,,,
30,Громила племени,,,,,
31,Илле,,,,,
31,Илле,,,,,
31,Илле,,,,,
31,Илле,,,,,
32,Фарро,,,,,
32,Фарро,,,,,
33,Алый дракон,,,,,
33,Алый дракон,,,,,
33,Алый дракон,,,,,
34,Ледяная лоза,,,,,
35,Алмазный голем,,,,,
36,Оружейник,,,,,
37,Вельга,,,,,
38,Злопамятный гном,,,,,
39,Изобретатель,,,,,
40,Мастер ветра,,,,,
41,Послушник,,,,,
42,Торосы Йора,,,,,
43,Гарпия,,,,,
44,Дети Белой Луны,,,,,
45,Драконий всадник,,,,,
45,Драконий всадник,,,,,
45,Драконий всадник,,,,,
46,Жрица снегопадов,,,,,
47,Ниара,,,,,
47,Ниара,,,,,
47,Ниара,,,,,
48,Охотница,,,,,
49,Рыжий Ус,,,,,
50,Снежный барс,,,,,
51,Боевой маг,,,,,
52,Громобой,,,,,
53,Мастер порталов,,,,,
54,Паровой танк,,,,,
54,Паровой танк,,,,,
55,Монах Тарга,,,,,
55,Монах Тарга,,,,,
56,Сова колдуна,,,,,
56,Сова колдуна,,,,,
57,Буровая установка,,,,,
57,Буровая установка,,,,,
58,Гном-снайпер,,,,,
59,Ливрах,,,,,
60,Метель,,,,,
61,Хальдар,,,,,
61,Хальдар,,,,,
62,Ликантроп,,,,,
63,Локи,,,,,
63,Локи,,,,,
63,Локи,,,,,
63,Локи,,,,,
64,Тейа,,,,,
64,Тейа,,,,,
64,Тейа,,,,,
65,Раксар,,,,,
66,Синий дракон,,,,,
66,Синий дракон,Без символа уникальности,,,,
66,Синий дракон,,,,,
67,Дриада,,,,,
68,Лирайн,,,,,
68,Лирайн,,,,,
69,Люмми,,,,,
70,Цветок лотоса,,,,,
71,Эленьямен,,,,,
72,Глоа,,,,,
73,Ельховик,,,,,
74,Мститель,,,,,
74,Мститель,,,,,
75,Наяда,,,,,
76,Одвин,,,,,
77,Эльф-лучник,,,,,
78,Ловчий,,,,,
79,Мёбу,,,,,
80,Сатир,,,,,
81,Хищная росянка,,,,,
82,Хранитель древа,,,,,
83,Пурш,,,,,
84,Грифон,,,,,
85,Древолом,,,,,
86,Рогач,,,,,
86,Рогач,,,,,
87,Вьюрр,,,,,
87,Вьюрр,,,,,
88,Сугед,,,,,
89,Аллар,,,,,
89,Аллар,,,,,
90,Подражатель,,,,,
91,Воймир,,,,,
91,Воймир,,,,,
91,Воймир,,,,,
92,Эльф-дуэлянт,,,,,
92,Эльф-дуэлянт,,,,,
92,Эльф-дуэлянт,,,,,
93,Энт,,,,,
94,Дух единорога,,,,,
94,Дух единорога,,,,,
94,Дух единорога,,,,,
95,Пантера,,,,,
96,Элмор,,,,,
96,Элмор,,,,,
97,Таликс,,,,,
97,Таликс,,,,,
97,Таликс,,,,,
97,Таликс,,,,,
98,Золотой дракон,,,,,
98,Золотой дракон,,,,,
98,Золотой дракон,,,,,
99,Медвесыч,,,,,
99,Медвесыч,,,,,
100,Болота Ракштольна,,,,,
101,Травник,,,,,
102,Шаман гоблинов,,,,,
103,Гурр-шаман,,,,,
104,Несущий отраву,,,,,
105,Озорница,,,,,
106,Старый вайл,,,,,
107,Статуя скорби,,,,,
108,Тинник,,,,,
109,Унния,,,,,
110,Галлот,,,,,
111,Илинси,,,,,
111,Илинси,,,,,
112,Кикимора,,,,,
113,Охотник на глоа,,,,,
114,Страж Уорлога,,,,,
115,Топляница,,,,,
116,Троглодит,,,,,
116,Троглодит,,,,,
117,Свора пожирателей,,,,,
117,Свора пожирателей,,,,,
118,Тугодум,,,,,
118,Тугодум,,,,,
119,Баламут,,,,,
119,Баламут,,,,,
119,Баламут,,,,,
120,Пиранья,,,,,
121,Вереселень,,,,,
121,Вереселень,,,,,
121,Вереселень,,,,,
122,Злобоглаз,,,,,
122,Злобоглаз,,,,,
123,Крайт,,,,,
124,Клок Мудрый,,,,,
124,Клок Мудрый,,,,,
124,Клок Мудрый,,,,,
125,Русалка,,,,,
125,Русалка,,,,,
126,Безликий,,,,,
126,Безликий,,,,,
127,Тактик Ихвэ,,,,,
128,Хунган,,,,,
129,Аммах,,,,,
130,Гиртан,,,,,
131,Килхе,,,,,
131,Килхе,,,,,
132,Зелёный дракон,,,,,
132,Зелёный дракон,,,,,
132,Зелёный дракон,,,,,
132,Зелёный дракон,,,,,
133,Нетопырь,,,,,
134,Одержимый,,,,,
135,Пигмей-кровосос,,,,,
136,Поводырь мертвецов,,,,,
137,Соултрад,,,,,
138,Горбун,,,,,
139,Лич-библиотекарь,,,,,
140,Орк-зомби,,,,,
141,Осквернитель,,,,,
141,Осквернитель,,,,,
142,Посвящённая,,,,,
143,Тёмная бестия,,,,,
143,Тёмная бестия,,,,,
144,Умертвие Соултрада,,,,,
145,Аранта,,,,,
145,Аранта,,,,,
146,Демон лени,,,,,
147,Скелет-лучник,,,,,
148,Чёрный рыцарь,,,,,
149,Проглот,,,,,
150,Хаосит,,,,,
151,Чёрный дракон,,,,,
151,Чёрный дракон,,,,,
151,Чёрный дракон,,,,,
152,Минотавр-отступник,,,,,
152,Минотавр-отступник,,,,,
153,Палач,,,,,
154,Наргойл,,,,,
154,Наргойл,,,,,
155,Стиградор,,,,,
156,Гиена Хаоса,,,,,
157,Чернокнижник,,,,,
157,Чернокнижник,,,,,
158,Ифрит,,,,,
159,Тухлопуз,,,,,
160,Древний упырь,,,,,
160,Древний упырь,,,,,
160,Древний упырь,,,,,
161,Кседдэн,,,,,
161,Кседдэн,,,,,
161,Кседдэн,,,,,
162,Тальгата,,,,,
162,Тальгата,,,,,
162,Тальгата,,,,,
162,Тальгата,,,,,
163,Змей хаоса,,,,,
163,Змей хаоса,,,,,
164,Маэнас,,,,,
164,Маэнас,,,,,
164,Маэнас,,,,,
165,Молох,,,,,
166,Антиквар,,,,,
167,Бухта подлецов,,,,,
168,Вор,,,,,
168,Вор,,,,,
169,Любимец капитана,,,,,
170,Служка,,,,,
171,Вольный стрелок,,,,,
172,Душегуб,,,,,
173,Мятущаяся душа,,,,,
174,Ночной убийца,,,,,
174,Ночной убийца,,,,,
175,Поборник Ордена,,,,,
176,Сквайр,,,,,
177,Флагеллянт,,,,,
178,Боцман проклятых,,,,,
179,Гаррид-шпион,,,,,
180,Драконоборец,,,,,
181,Корсар Маэнаса,,,,,
182,Морской пёс,,,,,
183,Рубака,,,,,
184,Рыцарь Храма,,,,,
184,Рыцарь Храма,,,,,
185,Колосс,,,,,
185,Колосс,,,,,
186,Жак-винодел,,,,,
187,Яйцо дракона,,,,,
187,Яйцо дракона,,,,,
188,Мастер стилета,,,,,
189,Мика Безбожник,,,,,
189,Мика Безбожник,,,,,
190,Пугало,,,,,
190,Пугало,,,,,
190,Пугало,,,,,
191,Феликс Гаптор,,,,,
191,Феликс Гаптор,,,,,
192,Воин веры,,,,,
193,Бессмертный убийца,,,,,
194,Вылупившийся дракон,,,,,
194,Вылупившийся дракон,,,,,
195,Микаэль,,,,,
195,Микаэль,,,,,
1,Авиал,,,,,
2,Мастер осад,,,,,
3,Мираж,,,,,
4,Оглар,,,,,
5,Цепной пёс,,,,,
5,Цепной пёс,,,,,
6,Аккения,,,,,
6,Аккения,,,,,
7,Вейла,,,,,
8,Дозорный,,,,,
9,Змееглав-лучник,,,,,
10,Орочья пушка,,,,,
11,Присягнувшая,,,,,
12,Стражник Тугарда,,,,,
13,Жрица Дзара,,,,,
14,Повелитель псов,,,,,
15,Садар,,,,,
16,Элементаль огня,,,,,
17,Орк-громила,,,,,
18,Требушет,,,,,
19,Эндор Флем,,,,,
19,Эндор Флем,,,,,
20,Вождь кентавров,,,,,
21,Колесница Аккении,,,,,
21,Колесница Аккении,,,,,
22,Орк-берсеркер,,,,,
22,Орк-берсеркер,,,,,
23,Вождь клана,,,,,
23,Вождь клана,,,,,
24,Анволд,,,,,
24,Анволд,,,,,
24,Анволд,,,,,
25,Огнепоклонница,,,,,
26,Орк-маг,,,,,
27,Гранатовый дракон,,,,,
27,Гранатовый дракон,,,,,
28,Орк-чемпион,,,,,
28,Орк-чемпион,,,,,
29,Командор Туллена,,,,,
29,Командор Туллена,,,,,
30,Лорд войны,,,,,
31,Нгор,,,,,
32,Гхар-Дунн,,,,,
32,Гхар-Дунн,,,,,
33,Магистр пламени,,,,,
34,Элементалист Дзара,,,,,
34,Элементалист Дзара,,,,,
34,Элементалист Дзара,,,,,
35,Кос-Заг,,,,,
35,Кос-Заг,,,,,
35,Кос-Заг,,,,,
36,Сот,,,,,
36,Сот,,,,,
37,Земля титанов,,,,,
37,Земля титанов,,,,,
38,Великая наковальня,,,,,
39,Греймот,,,,,
40,Барабанщик,,,,,
41,Гном-щитоносец,,,,,
42,Дирр,,,,,
43,Ледяной голем,,,,,
44,Никзар,,,,,
44,Никзар,,,,,
45,Рунный жрец,,,,,
45,Рунный жрец,,,,,
46,Сказитель Фроди,,,,,
46,Сказитель Фроди,,,,,
47,Снорлинг,,,,,
48,Элементаль воздуха,,,,,
49,Снигл,,,,,
50,Стурмир,,,,,
51,Трактирный забияка,,,,,
51,Трактирный забияка,,,,,
52,Форсвар,,,,,
53,Страж Найрунга,,,,,
54,Дирр-гигант,,,,,
55,Ледяной дракон,,,,,
55,Ледяной дракон,,,,,
56,Огр Турак,,,,,
56,Огр Турак,,,,,
57,Ярл викингов,,,,,
57,Ярл викингов,,,,,
58,Морозная бабочка,,,,,
59,Хейсар,,,,,
60,Валгор,,,,,
60,Валгор,,,,,
60,Валгор,,,,,
61,Гудрун,,,,,
61,Гудрун,,,,,
62,Йети,,,,,
63,Кавалерия грома,,,,,
63,Кавалерия грома,,,,,
64,Ульфсарк,,,,,
65,Ингри,,,,,
66,Руман,,,,,
67,Балеог,,,,,
67,Балеог,,,,,
68,Гном-варвар,,,,,
69,Найрунг,,,,,
69,Найрунг,,,,,
70,Тупорыл,,,,,
71,Рыцари Лантшилда,,,,,
71,Рыцари Лантшилда,,,,,
72,Баграх,,,,,
72,Баграх,,,,,
73,Ящерка,,,,,
74,Камышовый кот,,,,,
75,Лес Кронга,,,,,
75,Лес Кронга,,,,,
76,Райская птица,,,,,
76,Райская птица,,,,,
77,Грибица Кронга,,,,,
78,Длань Нальдана,,,,,
79,Изумрудный стрелок,,,,,
80,Лучница Алламора,,,,,
81,Наводчик,,,,,
81,Наводчик,,,,,
82,Нейбл,,,,,
83,Скаш,,,,,
84,Эльфийский Бард,,,,,
85,Алая тетива,,,,,
86,Глемсель,,,,,
86,Глемсель,,,,,
87,Говорящий с деревьями,,,,,
88,Зверолов,,,,,
89,Небесный патруль,,,,,
90,Серый клинок,,,,,
91,Элементаль земли,,,,,
92,Сердце леса,,,,,
92,Сердце леса,,,,,
93,Беррейг,,,,,
93,Беррейг,,,,,
94,Терновая изгородь,,,,,
95,Жряк,,,,,
96,Страж заката,,,,,
97,Хитрый лепрекон,,,,,
98,Вуйвр,,,,,
99,Говорящая с птицами,,,,,
100,Аэлен,,,,,
100,Аэлен,,,,,
101,Тэр-Дален,,,,,
101,Тэр-Дален,,,,,
101,Тэр-Дален,,,,,
102,Циклоп-маг,,,,,
102,Циклоп-маг,,,,,
102,Циклоп-маг,,,,,
103,Валиер Аластар,,,,,
103,Валиер Аластар,,,,,
103,Валиер Аластар,,,,,
104,Нальдан,,,,,
104,Нальдан,,,,,
105,Финириарх,,,,,
105,Финириарх,,,,,
106,Вербер,,,,,
106,Вербер,,,,,
107,Кельпи,,,,,
107,Кельпи,,,,,
108,Вожак стаи,,,,,
108,Вожак стаи,,,,,
109,Подводный чертог,,,,,
109,Подводный чертог,,,,,
110,Танаби,,,,,
111,Детеныш тролля,,,,,
112,Тритон,,,,,
113,Акванит-лучник,,,,,
113,Акванит-лучник,,,,,
114,Дха,,,,,
114,Дха,,,,,
115,Жрец Кватуса,,,,,
116,Летающий скат,,,,,
117,Сирена,,,,,
118,Страж рифов,,,,,
119,Шаг Архааля,,,,,
120,Элементаль воды,,,,,
121,Водяница,,,,,
122,Воин вайлов,,,,,
123,Мастер ядов,,,,,
124,Слизни Гворна,,,,,
125,Хобтролль,,,,,
125,Хобтролль,,,,,
126,Эвтерпа,,,,,
126,Эвтерпа,,,,,
127,Атлант,,,,,
128,Дрягв,,,,,
129,Аспид,,,,,
129,Аспид,,,,,
130,Нереида,,,,,
131,Болотные огоньки,,,,,
132,Горуг,,,,,
132,Горуг,,,,,
133,Гхуртов камень,,,,,
133,Гхуртов камень,,,,,
134,Смышлённый тролль,,,,,
135,Карающий,,,,,
136,Мирмидон,,,,,
137,Кватус,,,,,
137,Кватус,,,,,
138,Навка,,,,,
139,Кирин,,,,,
139,Кирин,,,,,
139,Кирин,,,,,
140,Крыло Архааля,,,,,
140,Крыло Архааля,,,,,
141,Тарна,,,,,
141,Тарна,,,,,
142,Ядовитый туман,,,,,
142,Ядовитый туман,,,,,
143,Яргус Сатар,,,,,
143,Яргус Сатар,,,,,
143,Яргус Сатар,,,,,
144,Ужас Исхара,,,,,
144,Ужас Исхара,,,,,
145,Отпрыск Гхора,,,,,
146,Проклятый доспех,,,,,
146,Проклятый доспех,,,,,
147,Тантал,,,,,
148,Урангрунд,,,,,
148,Урангрунд,,,,,
149,Чёрный кот,,,,,
149,Чёрный кот,,,,,
150,Демон гордыни,,,,,
151,Ледяной имп,,,,,
152,Ночной гость,,,,,
153,Скелет-маг,,,,,
154,Склеп Керсам,,,,,
155,Страж Ригорна,,,,,
156,Узурпатор,,,,,
157,Чёрный жнец,,,,,
158,Дворецкий слуа,,,,,
159,Демон обжорства,,,,,
160,Костяной всадник,,,,,
160,Костяной всадник,,,,,
161,Смотрящий в ночь,,,,,
162,Проклятый капер,,,,,
163,Самаэль,,,,,
163,Самаэль,,,,,
163,Самаэль,,,,,
164,Ценитель крови,,,,,
165,Многоликий,,,,,
165,Многоликий,,,,,
166,Ренниах,,,,,
166,Ренниах,,,,,
167,Демон-легионер,,,,,
168,Поглотитель магии,,,,,
168,Поглотитель магии,,,,,
168,Поглотитель магии,,,,,
169,Сжёгший душу,,,,,
169,Сжёгший душу,,,,,
170,Чемпион Соултрада,,,,,
171,Шаггон,,,,,
171,Шаггон,,,,,
172,Эльф-изгнанник,,,,,
173,Эльята,,,,,
173,Эльята,,,,,
174,Демонолог,,,,,
175,Инкуб,,,,,
175,Инкуб,,,,,
176,Костяной рыцарь,,,,,
176,Костяной рыцарь,,,,,
177,Погибель эльфов,,,,,
177,Погибель эльфов,,,,,
178,Угасающий,,,,,
179,Сшитый эксперимент,,,,,
179,Сшитый эксперимент,,,,,
179,Сшитый эксперимент,,,,,
180,Гхор Прародитель,,,,,
180,Гхор Прародитель,,,,,
181,Пиратский схрон,,,,,
182,Трущобная крыса,,,,,
183,Канор-Вэйн,,,,,
183,Канор-Вэйн,,,,,
184,Ныряльщик,,,,,
185,Юнга,,,,,
186,Адепт Белого Ордена,,,,,
187,Акробат,,,,,
188,Вербовщик,,,,,
188,Вербовщик,,,,,
189,Вольный художник,,,,,
189,Вольный художник,,,,,
190,Данав,,,,,
190,Данав,,,,,
191,Живой доспех,,,,,
192,Локсодон,,,,,
193,Матрос Эллиона,,,,,
194,Отец-экзекутор,,,,,
194,Отец-экзекутор,,,,,
195,Скорпион,,,,,
196,Цирковая пушка,,,,,
197,Воин ночи,,,,,
198,Жонглёр,,,,,
199,Кьедель,,,,,
200,Наёмник-ветеран,,,,,
201,Странствующий рыцарь,,,,,
202,Урайон,,,,,
203,Мимик,,,,,
203,Мимик,,,,,
204,Регуэль,,,,,
204,Регуэль,,,,,
205,Нимерт,,,,,
206,Паровой голем,,,,,
206,Паровой голем,,,,,
206,Паровой голем,,,,,
207,Ночной дозор,,,,,
208,Глефа,,,,,
209,Джокер,,,,,
210,Отец-дознаватель,,,,,
211,Патриарх койаров,,,,,
211,Патриарх койаров,,,,,
212,Серафим,,,,,
213,Эрманд,,,,,
213,Эрманд,,,,,
214,Вергельд,,,,,
214,Вергельд,,,,,
215,Зунрак,,,,,
215,Зунрак,,,,,
216,Поработитель Ордена,,,,,
217,Укротитель тьмы,,,,,
217,Укротитель тьмы,,,,,
218,Эллион,,,,,
218,Эллион,,,,,
219,Штурман Маэнаса,,,,,
220,Око бури,,,,,
220,Око бури,,,,,
